{
  "hash": "758bbc3a",
  "configHash": "9eca0e75",
  "lockfileHash": "22c31e16",
  "browserHash": "6b965144",
  "optimized": {
    "react": {
      "src": "../../react/index.js",
      "file": "react.js",
      "fileHash": "1c1fd236",
      "needsInterop": true
    },
    "react-dom": {
      "src": "../../react-dom/index.js",
      "file": "react-dom.js",
      "fileHash": "9c4953ee",
      "needsInterop": true
    },
    "react/jsx-dev-runtime": {
      "src": "../../react/jsx-dev-runtime.js",
      "file": "react_jsx-dev-runtime.js",
      "fileHash": "329aa0b3",
      "needsInterop": true
    },
    "react/jsx-runtime": {
      "src": "../../react/jsx-runtime.js",
      "file": "react_jsx-runtime.js",
      "fileHash": "1be7799d",
      "needsInterop": true
    },
    "react/compiler-runtime": {
      "src": "../../react/compiler-runtime.js",
      "file": "react_compiler-runtime.js",
      "fileHash": "5fbc146e",
      "needsInterop": true
    },
    "react-dom/client": {
      "src": "../../react-dom/client.js",
      "file": "react-dom_client.js",
      "fileHash": "5b4c742a",
      "needsInterop": true
    },
    "react-router-dom": {
      "src": "../../react-router-dom/dist/index.mjs",
      "file": "react-router-dom.js",
      "fileHash": "6813cf58",
      "needsInterop": false
    },
    "recharts": {
      "src": "../../recharts/es6/index.js",
      "file": "recharts.js",
      "fileHash": "a827ac55",
      "needsInterop": false
    }
  },
  "chunks": {
    "chunk-QHCQHC5C": {
      "file": "chunk-QHCQHC5C.js"
    },
    "chunk-PWLNVQY7": {
      "file": "chunk-PWLNVQY7.js"
    }
  }
}